{"1": {"1": 0.0, "2": 0.8646647167633873, "3": 0.8646647167633873, "4": 0.8646647167633873, "5": 0.8646647167633873, "6": 0.8646647167633873, "7": 0.8646647167633873, "8": 0.8646647167633873, "9": 0.8646647167633873, "10": 0.8646647167633873, "11": 0.8646647167633873, "12": 0.0, "13": 0.0, "14": 0.8646647167633873, "15": 0.0, "16": 0.8646647167633873, "17": 0.8646647167633873, "18": 0.8646647167633873, "19": 0.8646647167633873, "20": 0.8646647167633873, "21": 0.8646647167633873, "22": 0.0, "23": 0.0, "24": 0.8646647167633873, "25": 0.0, "26": 0.8646647167633873, "27": 0.8646647167633873, "28": 0.0}, "2": {"1": 0.8646647167633873, "2": 0.0, "3": 0.950212931632136, "4": 0.9932620530009145, "5": 0.950212931632136, "6": 0.9816843611112658, "7": 0.9932620530009145, "8": 0.9932620530009145, "9": 0.8646647167633873, "10": 0.8646647167633873, "11": 0.9932620530009145, "12": 0.8646647167633873, "13": 0.950212931632136, "14": 0.950212931632136, "15": 0.9816843611112658, "16": 0.950212931632136, "17": 0.950212931632136, "18": 0.9932620530009145, "19": 0.9932620530009145, "20": 0.9932620530009145, "21": 0.950212931632136, "22": 0.9816843611112658, "23": 0.0, "24": 0.9816843611112658, "25": 0.0, "26": 0.9816843611112658, "27": 0.8646647167633873, "28": 0.6321205588285577}, "3": {"1": 0.8646647167633873, "2": 0.8646647167633873, "3": 0.0, "4": 0.8646647167633873, "5": 0.950212931632136, "6": 0.8646647167633873, "7": 0.8646647167633873, "8": 0.950212931632136, "9": 0.8646647167633873, "10": 0.8646647167633873, "11": 0.8646647167633873, "12": 0.0, "13": 0.950212931632136, "14": 0.8646647167633873, "15": 0.8646647167633873, "16": 0.8646647167633873, "17": 0.8646647167633873, "18": 0.8646647167633873, "19": 0.8646647167633873, "20": 0.8646647167633873, "21": 0.950212931632136, "22": 0.8646647167633873, "23": 0.0, "24": 0.8646647167633873, "25": 0.0, "26": 0.8646647167633873, "27": 0.8646647167633873, "28": 0.8646647167633873}, "4": {"1": 0.8646647167633873, "2": 0.950212931632136, "3": 0.8646647167633873, "4": 0.0, "5": 0.950212931632136, "6": 0.8646647167633873, "7": 0.9816843611112658, "8": 0.950212931632136, "9": 0.950212931632136, "10": 0.950212931632136, "11": 0.950212931632136, "12": 0.8646647167633873, "13": 0.8646647167633873, "14": 0.950212931632136, "15": 0.8646647167633873, "16": 0.950212931632136, "17": 0.6321205588285577, "18": 0.9932620530009145, "19": 0.8646647167633873, "20": 0.8646647167633873, "21": 0.8646647167633873, "22": 0.8646647167633873, "23": 0.0, "24": 0.8646647167633873, "25": 0.0, "26": 0.9816843611112658, "27": 0.8646647167633873, "28": 0.8646647167633873}, "5": {"1": 0.9816843611112658, "2": 0.8646647167633873, "3": 0.6321205588285577, "4": 0.950212931632136, "5": 0.0, "6": 0.8646647167633873, "7": 0.9975212478233336, "8": 0.9816843611112658, "9": 0.8646647167633873, "10": 0.8646647167633873, "11": 0.9816843611112658, "12": 0.8646647167633873, "13": 0.9816843611112658, "14": 0.8646647167633873, "15": 0.950212931632136, "16": 0.950212931632136, "17": 0.8646647167633873, "18": 0.9975212478233336, "19": 0.950212931632136, "20": 0.8646647167633873, "21": 0.8646647167633873, "22": 0.8646647167633873, "23": 0.0, "24": 0.8646647167633873, "25": 0.0, "26": 0.8646647167633873, "27": 0.950212931632136, "28": 0.8646647167633873}, "6": {"1": 0.950212931632136, "2": 0.950212931632136, "3": 0.8646647167633873, "4": 0.950212931632136, "5": 0.950212931632136, "6": 0.0, "7": 0.6321205588285577, "8": 0.8646647167633873, "9": 0.8646647167633873, "10": 0.8646647167633873, "11": 0.8646647167633873, "12": 0.8646647167633873, "13": 0.8646647167633873, "14": 0.8646647167633873, "15": 0.8646647167633873, "16": 0.8646647167633873, "17": 0.8646647167633873, "18": 0.6321205588285577, "19": 0.6321205588285577, "20": 0.8646647167633873, "21": 0.8646647167633873, "22": 0.8646647167633873, "23": 0.0, "24": 0.6321205588285577, "25": 0.0, "26": 0.8646647167633873, "27": 0.6321205588285577, "28": 0.8646647167633873}, "7": {"1": 0.950212931632136, "2": 0.950212931632136, "3": 0.950212931632136, "4": 0.950212931632136, "5": 0.9975212478233336, "6": 0.8646647167633873, "7": 0.0, "8": 0.950212931632136, "9": 0.8646647167633873, "10": 0.8646647167633873, "11": 0.9816843611112658, "12": 0.9816843611112658, "13": 0.9816843611112658, "14": 0.950212931632136, "15": 0.8646647167633873, "16": 0.8646647167633873, "17": 0.6321205588285577, "18": 0.9816843611112658, "19": 0.950212931632136, "20": 0.950212931632136, "21": 0.8646647167633873, "22": 0.950212931632136, "23": 0.0, "24": 0.950212931632136, "25": 0.0, "26": 0.8646647167633873, "27": 0.9816843611112658, "28": 0.8646647167633873}, "8": {"1": 0.8646647167633873, "2": 0.8646647167633873, "3": 0.8646647167633873, "4": 0.9932620530009145, "5": 0.9816843611112658, "6": 0.8646647167633873, "7": 0.950212931632136, "8": 0.0, "9": 0.950212931632136, "10": 0.950212931632136, "11": 0.8646647167633873, "12": 0.8646647167633873, "13": 0.950212931632136, "14": 0.6321205588285577, "15": 0.950212931632136, "16": 0.8646647167633873, "17": 0.8646647167633873, "18": 0.950212931632136, "19": 0.950212931632136, "20": 0.9816843611112658, "21": 0.8646647167633873, "22": 0.950212931632136, "23": 0.0, "24": 0.8646647167633873, "25": 0.0, "26": 0.8646647167633873, "27": 0.8646647167633873, "28": 0.8646647167633873}, "9": {"1": 0.8646647167633873, "2": 0.8646647167633873, "3": 0.8646647167633873, "4": 0.950212931632136, "5": 0.950212931632136, "6": 0.8646647167633873, "7": 0.9816843611112658, "8": 0.950212931632136, "9": 0.0, "10": 0.950212931632136, "11": 0.8646647167633873, "12": 0.8646647167633873, "13": 0.950212931632136, "14": 0.8646647167633873, "15": 0.6321205588285577, "16": 0.8646647167633873, "17": 0.8646647167633873, "18": 0.9816843611112658, "19": 0.950212931632136, "20": 0.8646647167633873, "21": 0.8646647167633873, "22": 0.8646647167633873, "23": 0.0, "24": 0.950212931632136, "25": 0.0, "26": 0.8646647167633873, "27": 0.8646647167633873, "28": 0.8646647167633873}, "10": {"1": 0.8646647167633873, "2": 0.8646647167633873, "3": 0.8646647167633873, "4": 0.8646647167633873, "5": 0.8646647167633873, "6": 0.8646647167633873, "7": 0.8646647167633873, "8": 0.0, "9": 0.0, "10": 0.0, "11": 0.8646647167633873, "12": 0.0, "13": 0.8646647167633873, "14": 0.0, "15": 0.8646647167633873, "16": 0.8646647167633873, "17": 0.8646647167633873, "18": 0.8646647167633873, "19": 0.8646647167633873, "20": 0.8646647167633873, "21": 0.8646647167633873, "22": 0.8646647167633873, "23": 0.0, "24": 0.8646647167633873, "25": 0.0, "26": 0.8646647167633873, "27": 0.8646647167633873, "28": 0.0}, "11": {"1": 0.8646647167633873, "2": 0.9816843611112658, "3": 0.8646647167633873, "4": 0.950212931632136, "5": 0.9816843611112658, "6": 0.8646647167633873, "7": 0.9932620530009145, "8": 0.8646647167633873, "9": 0.9816843611112658, "10": 0.950212931632136, "11": 0.0, "12": 0.8646647167633873, "13": 0.9816843611112658, "14": 0.950212931632136, "15": 0.950212931632136, "16": 0.8646647167633873, "17": 0.8646647167633873, "18": 0.9816843611112658, "19": 0.950212931632136, "20": 0.8646647167633873, "21": 0.8646647167633873, "22": 0.8646647167633873, "23": 0.0, "24": 0.8646647167633873, "25": 0.0, "26": 0.8646647167633873, "27": 0.9816843611112658, "28": 0.8646647167633873}, "12": {"1": 0.0, "2": 0.8646647167633873, "3": 0.0, "4": 0.8646647167633873, "5": 0.8646647167633873, "6": 0.8646647167633873, "7": 0.8646647167633873, "8": 0.8646647167633873, "9": 0.8646647167633873, "10": 0.0, "11": 0.8646647167633873, "12": 0.0, "13": 0.8646647167633873, "14": 0.8646647167633873, "15": 0.8646647167633873, "16": 0.0, "17": 0.8646647167633873, "18": 0.8646647167633873, "19": 0.8646647167633873, "20": 0.8646647167633873, "21": 0.8646647167633873, "22": 0.0, "23": 0.0, "24": 0.8646647167633873, "25": 0.0, "26": 0.8646647167633873, "27": 0.8646647167633873, "28": 0.8646647167633873}, "13": {"1": 0.8646647167633873, "2": 0.8646647167633873, "3": 0.8646647167633873, "4": 0.950212931632136,